Name,Club,Nationality,Position,Age,Matches,Starts,Mins,Goals,Assists,Goals_per_Match,Goals_per_90,Assists_per_Match,Assists_per_90,Goal_Contribution_per_90
Mason Mount,Chelsea,ENG,"MF,FW",21,36,32,2890,6,5,0.16666666666666666,0.18685121107266436,0.1388888888888889,0.15570934256055363,0.342560553633218
Edouard Mendy,Chelsea,SEN,GK,28,31,31,2745,0,0,0.0,0.0,0.0,0.0,0.0
Timo Werner,Chelsea,GER,FW,24,35,29,2602,6,8,0.17142857142857143,0.207532667179093,0.22857142857142856,0.2767102229054573,0.48424289008455035
Ben Chilwell,Chelsea,ENG,DF,23,27,27,2286,3,5,0.1111111111111111,0.11811023622047244,0.18518518518518517,0.1968503937007874,0.31496062992125984
Reece James,Chelsea,ENG,DF,20,32,25,2373,1,2,0.03125,0.03792667509481669,0.0625,0.07585335018963338,0.11378002528445007
Cesar Azpilicueta,Chelsea,ESP,DF,30,26,24,2188,1,2,0.038461538461538464,0.04113345521023766,0.07692307692307693,0.08226691042047532,0.12340036563071298
N'Golo Kante,Chelsea,FRA,MF,29,30,24,2146,0,2,0.0,0.0,0.06666666666666667,0.08387698042870456,0.08387698042870456
Jorginho,Chelsea,ITA,MF,28,28,23,2010,7,1,0.25,0.31343283582089554,0.03571428571428571,0.04477611940298507,0.3582089552238806
Thiago Silva,Chelsea,BRA,DF,35,23,23,1935,2,0,0.08695652173913043,0.09302325581395349,0.0,0.0,0.09302325581395349
Kurt Zouma,Chelsea,FRA,DF,25,24,22,2029,5,0,0.20833333333333334,0.22178413011335632,0.0,0.0,0.22178413011335632
Mateo Kovaƒçiƒá,Chelsea,CRO,MF,26,27,21,1815,0,1,0.0,0.0,0.037037037037037035,0.04958677685950413,0.04958677685950413
antonio rüdiger,Chelsea,GER,DF,27,19,19,1710,1,0,0.05263157894736842,0.052631578947368425,0.0,0.0,0.052631578947368425
Christian Pulisic,Chelsea,USA,"FW,MF",21,27,18,1738,4,2,0.14814814814814814,0.20713463751438435,0.07407407407407407,0.10356731875719218,0.3107019562715765
Kai Havertz,Chelsea,GER,"MF,FW",21,27,18,1520,4,3,0.14814814814814814,0.23684210526315788,0.1111111111111111,0.17763157894736842,0.41447368421052627
Andreas Christensen,Chelsea,DEN,DF,24,17,15,1371,0,0,0.0,0.0,0.0,0.0,0.0
Hakim Ziyech,Chelsea,MAR,"FW,MF",27,23,15,1172,2,3,0.08695652173913043,0.15358361774744028,0.13043478260869565,0.2303754266211604,0.3839590443686007
Tammy Abraham,Chelsea,ENG,FW,22,22,12,1040,6,1,0.2727272727272727,0.5192307692307693,0.045454545454545456,0.08653846153846154,0.6057692307692308
Marcos Alonso,Chelsea,ESP,DF,29,13,11,960,2,0,0.15384615384615385,0.1875,0.0,0.0,0.1875
Callum Hudson-Odoi,Chelsea,ENG,"FW,DF",19,23,10,1059,2,3,0.08695652173913043,0.16997167138810199,0.13043478260869565,0.254957507082153,0.42492917847025496
Olivier Giroud,Chelsea,FRA,FW,33,17,8,748,4,0,0.23529411764705882,0.48128342245989303,0.0,0.0,0.48128342245989303
Kepa Arrizabalaga,Chelsea,ESP,GK,25,7,6,585,0,0,0.0,0.0,0.0,0.0,0.0
Billy Gilmour,Chelsea,SCO,MF,19,5,3,261,0,0,0.0,0.0,0.0,0.0,0.0
Willy Caballero,Chelsea,ARG,GK,38,1,1,90,0,0,0.0,0.0,0.0,0.0,0.0
Ruben Loftus-Cheek,Chelsea,ENG,FW,24,1,1,60,0,0,0.0,0.0,0.0,0.0,0.0
Emerson Palmieri,Chelsea,ITA,DF,25,2,0,90,0,0,0.0,0.0,0.0,0.0,0.0
Fikayo Tomori,Chelsea,ENG,DF,22,1,0,45,0,0,0.0,0.0,0.0,0.0,0.0
Ross Barkley,Chelsea,ENG,MF,26,2,0,42,0,0,0.0,0.0,0.0,0.0,0.0
Ederson,Manchester City,BRA,GK,26,36,36,3240,0,1,0.0,0.0,0.027777777777777776,0.027777777777777776,0.027777777777777776
ruben dias,Manchester City,POR,DF,23,32,32,2843,1,0,0.03125,0.03165670066830813,0.0,0.0,0.03165670066830813
Rodri,Manchester City,ESP,MF,24,34,31,2748,2,2,0.058823529411764705,0.06550218340611354,0.058823529411764705,0.06550218340611354,0.13100436681222707
Raheem Sterling,Manchester City,ENG,FW,25,31,28,2536,10,7,0.3225806451612903,0.35488958990536273,0.22580645161290322,0.24842271293375395,0.6033123028391167
joao cancelo,Manchester City,POR,DF,26,28,27,2299,2,3,0.07142857142857142,0.078294910830796,0.10714285714285714,0.117442366246194,0.19573727707699
Bernardo Silva,Manchester City,POR,"MF,FW",25,26,24,2065,2,6,0.07692307692307693,0.08716707021791767,0.23076923076923078,0.261501210653753,0.3486682808716707
İlkay Gündoğan,Manchester City,GER,MF,29,28,23,2029,13,2,0.4642857142857143,0.5766387382947264,0.07142857142857142,0.08871365204534254,0.665352390340069
Kevin De Bruyne,Manchester City,BEL,MF,29,25,23,1997,6,12,0.24,0.27040560841261896,0.48,0.5408112168252379,0.8112168252378569
Riyad Mahrez,Manchester City,ALG,FW,29,27,23,1949,9,6,0.3333333333333333,0.41559774243201647,0.2222222222222222,0.27706516162134426,0.6926629040533607
Gabriel Jesus,Manchester City,BRA,FW,23,29,22,2063,9,4,0.3103448275862069,0.39263208919049924,0.13793103448275862,0.17450315075133302,0.5671352399418322
Kyle Walker,Manchester City,ENG,DF,30,24,22,1946,1,1,0.041666666666666664,0.046248715313463515,0.041666666666666664,0.046248715313463515,0.09249743062692703
John Stones,Manchester City,ENG,DF,26,22,22,1933,4,0,0.18181818181818182,0.18623900672529747,0.0,0.0,0.18623900672529747
Phil Foden,Manchester City,ENG,"FW,MF",20,28,17,1616,9,5,0.32142857142857145,0.5012376237623762,0.17857142857142858,0.2784653465346535,0.7797029702970297
Oleksandr Zinchenko,Manchester City,UKR,DF,23,20,15,1478,0,0,0.0,0.0,0.0,0.0,0.0
Ferran Torres,Manchester City,ESP,"FW,MF",20,24,15,1306,7,2,0.2916666666666667,0.4823889739663093,0.08333333333333333,0.13782542113323124,0.6202143950995406
Aymeric Laporte,Manchester City,FRA,DF,26,16,14,1344,0,0,0.0,0.0,0.0,0.0,0.0
Fernandinho,Manchester City,BRA,MF,35,21,12,1188,0,2,0.0,0.0,0.09523809523809523,0.15151515151515152,0.15151515151515152
Benjamin Mendy,Manchester City,FRA,DF,26,13,11,953,2,1,0.15384615384615385,0.1888772298006296,0.07692307692307693,0.0944386149003148,0.2833158447009444
Nathan Ake,Manchester City,NED,DF,25,10,9,797,1,0,0.1,0.11292346298619824,0.0,0.0,0.11292346298619824
Sergio Agüero,Manchester City,ARG,"FW,MF",32,12,7,559,4,1,0.3333333333333333,0.6440071556350626,0.08333333333333333,0.16100178890876565,0.8050089445438282
Eric Garcia,Manchester City,ESP,DF,19,6,3,383,0,0,0.0,0.0,0.0,0.0,0.0
Scott Carson,Manchester City,ENG,GK,34,1,1,90,0,0,0.0,0.0,0.0,0.0,0.0
Zack Steffen,Manchester City,USA,GK,25,1,1,90,0,0,0.0,0.0,0.0,0.0,0.0
Liam Delap,Manchester City,ENG,FW,17,1,0,40,0,0,0.0,0.0,0.0,0.0,0.0
Bruno Fernandes,Manchester United,POR,MF,25,37,35,3099,18,12,0.4864864864864865,0.5227492739593418,0.32432432432432434,0.34849951597289447,0.8712487899322362
Aaron Wan-Bissaka,Manchester United,ENG,DF,22,34,34,3060,2,4,0.058823529411764705,0.058823529411764705,0.11764705882352941,0.11764705882352941,0.1764705882352941
Harry Maguire,Manchester United,ENG,DF,27,34,34,3047,2,1,0.058823529411764705,0.0590744995077125,0.029411764705882353,0.02953724975385625,0.08861174926156876
Marcus Rashford,Manchester United,ENG,FW,22,37,33,2920,11,9,0.2972972972972973,0.339041095890411,0.24324324324324326,0.2773972602739726,0.6164383561643836
Luke Shaw,Manchester United,ENG,DF,25,32,30,2654,1,5,0.03125,0.03391107761868877,0.15625,0.16955538809344387,0.20346646571213264
Victor Lindelof,Manchester United,SWE,DF,26,29,29,2585,1,1,0.034482758620689655,0.03481624758220503,0.034482758620689655,0.03481624758220503,0.06963249516441006
Fred,Manchester United,BRA,MF,27,30,27,2390,1,0,0.03333333333333333,0.03765690376569038,0.0,0.0,0.03765690376569038
David de Gea,Manchester United,ESP,GK,29,26,26,2295,0,0,0.0,0.0,0.0,0.0,0.0
Scott McTominay,Manchester United,SCO,MF,23,32,24,2129,4,1,0.125,0.1690934711131987,0.03125,0.042273367778299674,0.21136683889149835
Paul Pogba,Manchester United,FRA,"MF,FW",27,26,21,1897,3,3,0.11538461538461539,0.1423299947285187,0.11538461538461539,0.1423299947285187,0.2846599894570374
Mason Greenwood,Manchester United,ENG,FW,18,31,21,1822,7,2,0.22580645161290322,0.34577387486278816,0.06451612903225806,0.09879253567508232,0.44456641053787044
Anthony Martial,Manchester United,FRA,FW,24,22,17,1480,4,3,0.18181818181818182,0.24324324324324326,0.13636363636363635,0.18243243243243246,0.4256756756756757
Edinson Cavani,Manchester United,URU,FW,33,26,13,1375,10,3,0.38461538461538464,0.6545454545454545,0.11538461538461539,0.19636363636363638,0.850909090909091
Dean Henderson,Manchester United,ENG,GK,23,13,12,1125,0,0,0.0,0.0,0.0,0.0,0.0
Nemanja Matiƒá,Manchester United,SRB,MF,31,20,12,1106,0,0,0.0,0.0,0.0,0.0,0.0
Daniel James,Manchester United,WAL,FW,22,15,11,910,3,1,0.2,0.2967032967032967,0.06666666666666667,0.0989010989010989,0.3956043956043956
Eric Bailly,Manchester United,CIV,DF,26,12,10,916,0,0,0.0,0.0,0.0,0.0,0.0
Alex Telles,Manchester United,BRA,DF,27,9,8,690,0,2,0.0,0.0,0.2222222222222222,0.2608695652173913,0.2608695652173913
Juan Mata,Manchester United,ESP,"FW,MF",32,9,6,509,1,2,0.1111111111111111,0.1768172888015717,0.2222222222222222,0.3536345776031434,0.5304518664047151
Donny van de Beek,Manchester United,NED,"MF,FW",23,19,4,524,1,1,0.05263157894736842,0.17175572519083968,0.05263157894736842,0.17175572519083968,0.34351145038167935
Axel Tuanzebe,Manchester United,ENG,DF,22,9,4,404,0,0,0.0,0.0,0.0,0.0,0.0
Brandon Williams,Manchester United,ENG,DF,19,4,2,188,0,0,0.0,0.0,0.0,0.0,0.0
Amad Diallo,Manchester United,CIV,FW,18,3,2,166,0,1,0.0,0.0,0.3333333333333333,0.5421686746987953,0.5421686746987953
Anthony Elanga,Manchester United,SWE,FW,18,2,2,155,1,0,0.5,0.5806451612903226,0.0,0.0,0.5806451612903226
Timothy Fosu-Mensah,Manchester United,NED,DF,22,1,1,80,0,0,0.0,0.0,0.0,0.0,0.0
Shola Shoretire,Manchester United,ENG,FW,16,2,0,11,0,0,0.0,0.0,0.0,0.0,0.0
Odion Ighalo,Manchester United,NGA,FW,31,1,0,10,0,0,0.0,0.0,0.0,0.0,0.0
Hannibal Mejbri,Manchester United,FRA,MF,17,1,0,9,0,0,0.0,0.0,0.0,0.0,0.0
William Thomas Fish,Manchester United,ENG,DF,17,1,0,1,0,0,0.0,0.0,0.0,0.0,0.0
Andrew Robertson,Liverpool FC,SCO,DF,26,38,38,3383,1,7,0.02631578947368421,0.026603606266627257,0.18421052631578946,0.18622524386639078,0.21282885013301805
Mohamed Salah,Liverpool FC,EGY,FW,28,37,34,3078,22,5,0.5945945945945946,0.6432748538011696,0.13513513513513514,0.14619883040935672,0.7894736842105263
Trent Alexander-Arnold,Liverpool FC,ENG,DF,21,36,34,3031,2,7,0.05555555555555555,0.059386341141537444,0.19444444444444445,0.20785219399538105,0.26723853513691853
Georginio Wijnaldum,Liverpool FC,NED,MF,29,38,34,2941,2,0,0.05263157894736842,0.061203672220333225,0.0,0.0,0.061203672220333225
Alisson,Liverpool FC,BRA,GK,27,33,33,2970,1,0,0.030303030303030304,0.030303030303030304,0.0,0.0,0.030303030303030304
Roberto Firmino,Liverpool FC,BRA,FW,28,36,33,2838,9,7,0.25,0.2854122621564482,0.19444444444444445,0.2219873150105708,0.507399577167019
Sadio Mane,Liverpool FC,SEN,FW,28,35,31,2810,11,7,0.3142857142857143,0.3523131672597865,0.2,0.22419928825622776,0.5765124555160143
Fabinho,Liverpool FC,BRA,"DF,MF",26,30,28,2567,0,0,0.0,0.0,0.0,0.0,0.0
Thiago Alcantara,Liverpool FC,ESP,MF,29,24,20,1854,1,0,0.041666666666666664,0.04854368932038834,0.0,0.0,0.04854368932038834
Jordan Henderson,Liverpool FC,ENG,"MF,DF",30,21,20,1704,1,1,0.047619047619047616,0.0528169014084507,0.047619047619047616,0.0528169014084507,0.1056338028169014
Nathaniel Phillips,Liverpool FC,ENG,DF,23,17,15,1456,1,1,0.058823529411764705,0.061813186813186816,0.058823529411764705,0.061813186813186816,0.12362637362637363
Curtis Jones,Liverpool FC,ENG,MF,19,24,13,1179,1,2,0.041666666666666664,0.07633587786259542,0.08333333333333333,0.15267175572519084,0.22900763358778628
Diogo Jota,Liverpool FC,POR,FW,23,19,12,1112,9,0,0.47368421052631576,0.7284172661870504,0.0,0.0,0.7284172661870504
James Milner,Liverpool FC,ENG,"MF,DF",34,26,11,1070,0,1,0.0,0.0,0.038461538461538464,0.08411214953271029,0.08411214953271029
Ozan Kabak,Liverpool FC,TUR,DF,20,9,9,801,0,0,0.0,0.0,0.0,0.0,0.0
Joel Matip,Liverpool FC,CMR,DF,28,10,9,691,1,2,0.1,0.13024602026049203,0.2,0.26049204052098407,0.39073806078147616
Rhys Williams,Liverpool FC,ENG,DF,19,9,7,661,0,0,0.0,0.0,0.0,0.0,0.0
naby keita,Liverpool FC,GUI,MF,25,10,7,520,0,0,0.0,0.0,0.0,0.0,0.0
Joe Gomez,Liverpool FC,ENG,DF,23,7,6,590,0,0,0.0,0.0,0.0,0.0,0.0
Xherdan Shaqiri,Liverpool FC,SUI,"MF,FW",28,14,5,556,0,2,0.0,0.0,0.14285714285714285,0.32374100719424465,0.32374100719424465
Virgil van Dijk,Liverpool FC,NED,DF,29,5,5,370,1,0,0.2,0.24324324324324326,0.0,0.0,0.24324324324324326
adrian,Liverpool FC,ESP,GK,33,3,3,270,0,0,0.0,0.0,0.0,0.0,0.0
Neco Williams,Liverpool FC,WAL,DF,19,6,3,249,0,0,0.0,0.0,0.0,0.0,0.0
Takumi Minamino,Liverpool FC,JPN,"MF,FW",25,9,2,293,1,0,0.1111111111111111,0.30716723549488056,0.0,0.0,0.30716723549488056
Alex Oxlade-Chamberlain,Liverpool FC,ENG,"FW,MF",26,13,2,253,1,1,0.07692307692307693,0.3557312252964427,0.07692307692307693,0.3557312252964427,0.7114624505928854
Divock Origi,Liverpool FC,BEL,FW,25,9,2,186,0,0,0.0,0.0,0.0,0.0,0.0
Caoimhin Kelleher,Liverpool FC,IRL,GK,21,2,2,180,0,0,0.0,0.0,0.0,0.0,0.0
Kostas Tsimikas,Liverpool FC,GRE,DF,24,2,0,7,0,0,0.0,0.0,0.0,0.0,0.0
Kasper Schmeichel,Leicester City,DEN,GK,33,38,38,3420,0,0,0.0,0.0,0.0,0.0,0.0
Youri Tielemans,Leicester City,BEL,MF,23,38,37,3357,6,4,0.15789473684210525,0.16085790884718498,0.10526315789473684,0.10723860589812333,0.2680965147453083
Jamie Vardy,Leicester City,ENG,FW,33,34,31,2840,15,9,0.4411764705882353,0.4753521126760563,0.2647058823529412,0.2852112676056338,0.76056338028169
Jonny Evans,Leicester City,NIR,DF,32,28,28,2473,2,2,0.07142857142857142,0.07278608976951072,0.07142857142857142,0.07278608976951072,0.14557217953902143
Timothy Castagne,Leicester City,BEL,DF,24,27,27,2345,2,3,0.07407407407407407,0.07675906183368869,0.1111111111111111,0.11513859275053306,0.19189765458422176
Wesley Fofana,Leicester City,FRA,DF,19,28,27,2262,0,0,0.0,0.0,0.0,0.0,0.0
Wilfred Ndidi,Leicester City,NGA,"MF,DF",23,26,25,2176,1,4,0.038461538461538464,0.04136029411764706,0.15384615384615385,0.16544117647058823,0.2068014705882353
James Maddison,Leicester City,ENG,"MF,FW",23,31,24,2099,8,5,0.25806451612903225,0.3430204859456884,0.16129032258064516,0.21438780371605526,0.5574082896617437
James Justin,Leicester City,ENG,DF,22,23,23,2070,2,1,0.08695652173913043,0.08695652173913043,0.043478260869565216,0.043478260869565216,0.13043478260869565
Harvey Barnes,Leicester City,ENG,"FW,MF",22,25,22,1945,9,4,0.36,0.41645244215938304,0.16,0.18508997429305912,0.6015424164524421
Çağlar Söyüncü;,Leicester City,TUR,DF,24,23,19,1819,1,0,0.043478260869565216,0.049477735019241346,0.0,0.0,0.049477735019241346
Marc Albrighton,Leicester City,ENG,"DF,FW",30,31,17,1746,1,5,0.03225806451612903,0.051546391752577324,0.16129032258064516,0.25773195876288657,0.30927835051546393
Kelechi Iheanacho,Leicester City,NGA,FW,23,25,16,1459,12,2,0.48,0.7402330363262508,0.08,0.12337217272104181,0.8636052090472927
Nampalys Mendy,Leicester City,SEN,MF,28,23,15,1459,0,1,0.0,0.0,0.043478260869565216,0.061686086360520906,0.061686086360520906
Ayoze Perez,Leicester City,ESP,"MF,FW",27,25,15,1331,2,1,0.08,0.135236664162284,0.04,0.067618332081142,0.20285499624342598
Luke Thomas,Leicester City,ENG,DF,19,14,12,969,1,0,0.07142857142857142,0.09287925696594426,0.0,0.0,0.09287925696594426
Ricardo Pereira,Leicester City,POR,DF,26,15,10,959,0,1,0.0,0.0,0.06666666666666667,0.09384775808133472,0.09384775808133472
Dennis Praet,Leicester City,BEL,"MF,FW",26,15,10,718,1,1,0.06666666666666667,0.12534818941504178,0.06666666666666667,0.12534818941504178,0.25069637883008355
Daniel Amartey,Leicester City,GHA,DF,25,12,8,722,1,0,0.08333333333333333,0.12465373961218837,0.0,0.0,0.12465373961218837
Christian Fuchs,Leicester City,AUT,DF,34,9,8,702,0,0,0.0,0.0,0.0,0.0,0.0
Hamza Choudhury,Leicester City,ENG,MF,22,10,4,316,0,0,0.0,0.0,0.0,0.0,0.0
Cengiz √únder,Leicester City,TUR,"MF,FW",23,9,1,281,0,2,0.0,0.0,0.2222222222222222,0.6405693950177935,0.6405693950177935
Sidnei Tavares,Leicester City,POR,MF,18,2,1,85,0,0,0.0,0.0,0.0,0.0,0.0
Islam Slimani,Leicester City,ALG,FW,32,1,0,20,0,0,0.0,0.0,0.0,0.0,0.0
Demarai Gray,Leicester City,ENG,FW,24,1,0,19,0,0,0.0,0.0,0.0,0.0,0.0
Wes Morgan,Leicester City,JAM,DF,36,3,0,18,0,0,0.0,0.0,0.0,0.0,0.0
Khanya Leshabela,Leicester City,RSA,MF,20,1,0,10,0,0,0.0,0.0,0.0,0.0,0.0
Thomas Sousçek,West Ham United,CZE,MF,25,38,38,3419,10,1,0.2631578947368421,0.26323486399532026,0.02631578947368421,0.026323486399532026,0.2895583503948523
Aaron Cresswell,West Ham United,ENG,DF,30,36,36,3170,0,8,0.0,0.0,0.2222222222222222,0.22712933753943218,0.22712933753943218
Lukasz FabiaÑski,West Ham United,POL,GK,35,35,35,3150,0,0,0.0,0.0,0.0,0.0,0.0
vladimir coufal,West Ham United,CZE,DF,27,34,34,3054,0,7,0.0,0.0,0.20588235294117646,0.206286836935167,0.206286836935167
Declan Rice,West Ham United,ENG,MF,21,32,32,2879,2,1,0.0625,0.06252170892671066,0.03125,0.03126085446335533,0.09378256339006599
Pablo Fornals,West Ham United,ESP,"FW,MF",24,33,31,2572,5,4,0.15151515151515152,0.1749611197511664,0.12121212121212122,0.13996889580093314,0.31493001555209954
Jarrod Bowen,West Ham United,ENG,"FW,MF",23,38,30,2562,8,5,0.21052631578947367,0.2810304449648712,0.13157894736842105,0.1756440281030445,0.45667447306791575
Angelo Ogbonna,West Ham United,ITA,DF,32,28,28,2492,3,0,0.10714285714285714,0.10834670947030497,0.0,0.0,0.10834670947030497
Michail Antonio,West Ham United,ENG,FW,30,26,24,1974,10,5,0.38461538461538464,0.45592705167173253,0.19230769230769232,0.22796352583586627,0.6838905775075989
Craig Dawson,West Ham United,ENG,DF,30,22,22,1925,3,0,0.13636363636363635,0.14025974025974025,0.0,0.0,0.14025974025974025
Jesse Lingard,West Ham United,ENG,"MF,FW",27,16,16,1421,9,4,0.5625,0.5700211118930331,0.25,0.2533427163969036,0.8233638282899367
Issa Diop,West Ham United,FRA,DF,23,18,15,1381,2,0,0.1111111111111111,0.13034033309196233,0.0,0.0,0.13034033309196233
Said Benrahma,West Ham United,ALG,"FW,MF",24,30,14,1391,1,6,0.03333333333333333,0.06470165348670022,0.2,0.3882099209202013,0.45291157440690155
Fabian Balbuena,West Ham United,PAR,DF,28,14,13,1198,1,0,0.07142857142857142,0.07512520868113523,0.0,0.0,0.07512520868113523
Arthur Masuaku,West Ham United,COD,"DF,FW",26,12,12,1006,0,2,0.0,0.0,0.16666666666666666,0.17892644135188865,0.17892644135188865
Sebastien Haller,West Ham United,CIV,FW,26,16,10,937,3,0,0.1875,0.288153681963714,0.0,0.0,0.288153681963714
Mark Noble,West Ham United,ENG,MF,33,21,8,712,0,0,0.0,0.0,0.0,0.0,0.0
Ryan Fredericks,West Ham United,ENG,"DF,FW",27,14,6,569,1,1,0.07142857142857142,0.15817223198594024,0.07142857142857142,0.15817223198594024,0.3163444639718805
Manuel Lanzini,West Ham United,ARG,"MF,FW",27,17,5,566,1,1,0.058823529411764705,0.15901060070671377,0.058823529411764705,0.15901060070671377,0.31802120141342755
Ben Johnson,West Ham United,ENG,DF,20,14,5,523,1,0,0.07142857142857142,0.17208413001912046,0.0,0.0,0.17208413001912046
Darren Randolph,West Ham United,IRL,GK,33,3,3,270,0,0,0.0,0.0,0.0,0.0,0.0
Andriy Yarmolenko,West Ham United,UKR,"FW,MF",30,15,1,375,0,1,0.0,0.0,0.06666666666666667,0.24,0.24
Robert Snodgrass,West Ham United,SCO,"FW,DF",32,3,0,5,0,0,0.0,0.0,0.0,0.0,0.0
Felipe Anderson,West Ham United,BRA,"FW,MF",27,2,0,3,0,0,0.0,0.0,0.0,0.0,0.0
Pierre Hojbjerg,Tottenham Hotspur,DEN,MF,24,38,38,3420,2,4,0.05263157894736842,0.052631578947368425,0.10526315789473684,0.10526315789473685,0.15789473684210525
Hugo Lloris,Tottenham Hotspur,FRA,GK,33,38,38,3420,0,0,0.0,0.0,0.0,0.0,0.0
Son Heung-min,Tottenham Hotspur,KOR,FW,28,37,36,3114,17,10,0.4594594594594595,0.4913294797687861,0.2702702702702703,0.2890173410404624,0.7803468208092484
Harry Kane,Tottenham Hotspur,ENG,FW,27,35,35,3082,23,14,0.6571428571428571,0.6716417910447761,0.4,0.4088254380272551,1.0804672290720312
Eric Dier,Tottenham Hotspur,ENG,DF,26,28,28,2520,0,0,0.0,0.0,0.0,0.0,0.0
Tanguy Ndombele,Tottenham Hotspur,FRA,MF,23,33,28,2091,3,2,0.09090909090909091,0.1291248206599713,0.06060606060606061,0.08608321377331421,0.2152080344332855
Sergio Reguilon,Tottenham Hotspur,ESP,DF,23,27,26,2244,0,3,0.0,0.0,0.1111111111111111,0.12032085561497326,0.12032085561497326
Toby Alderweireld,Tottenham Hotspur,BEL,DF,31,25,25,2240,1,0,0.04,0.040178571428571425,0.0,0.0,0.040178571428571425
Serge Aurier,Tottenham Hotspur,CIV,DF,27,19,19,1605,2,3,0.10526315789473684,0.11214953271028037,0.15789473684210525,0.16822429906542058,0.2803738317757009
Davinson Sanchez,Tottenham Hotspur,COL,DF,24,18,17,1486,0,0,0.0,0.0,0.0,0.0,0.0
Moussa Sissoko,Tottenham Hotspur,FRA,MF,30,25,15,1585,0,0,0.0,0.0,0.0,0.0,0.0
Lucas Moura,Tottenham Hotspur,BRA,"FW,MF",27,30,14,1411,3,4,0.1,0.1913536498936924,0.13333333333333333,0.2551381998582566,0.44649184975194894
Ben Davies,Tottenham Hotspur,WAL,DF,27,20,14,1346,0,1,0.0,0.0,0.05,0.06686478454680535,0.06686478454680535
Matt Doherty,Tottenham Hotspur,IRL,DF,28,17,13,1240,0,2,0.0,0.0,0.11764705882352941,0.14516129032258066,0.14516129032258066
Steven Bergwijn,Tottenham Hotspur,NED,"FW,MF",22,21,13,1208,1,3,0.047619047619047616,0.07450331125827815,0.14285714285714285,0.22350993377483444,0.2980132450331126
Giovani Lo Celso,Tottenham Hotspur,ARG,MF,24,18,11,945,1,1,0.05555555555555555,0.09523809523809525,0.05555555555555555,0.09523809523809525,0.1904761904761905
Gareth Bale,Tottenham Hotspur,WAL,FW,31,20,10,920,11,2,0.55,1.0760869565217392,0.1,0.1956521739130435,1.2717391304347827
Harry Winks,Tottenham Hotspur,ENG,MF,24,15,9,861,0,0,0.0,0.0,0.0,0.0,0.0
Joe Rodon,Tottenham Hotspur,WAL,DF,22,12,8,733,0,0,0.0,0.0,0.0,0.0,0.0
Dele Alli,Tottenham Hotspur,ENG,MF,24,15,7,620,0,1,0.0,0.0,0.06666666666666667,0.14516129032258066,0.14516129032258066
Japhet Tanganga,Tottenham Hotspur,ENG,DF,21,6,6,487,0,0,0.0,0.0,0.0,0.0,0.0
Erik Lamela,Tottenham Hotspur,ARG,"FW,MF",28,23,5,717,1,0,0.043478260869565216,0.12552301255230125,0.0,0.0,0.12552301255230125
Carlos Vinicius,Tottenham Hotspur,BRA,FW,25,9,3,308,1,0,0.1111111111111111,0.29220779220779225,0.0,0.0,0.29220779220779225
Dane Scarlett,Tottenham Hotspur,ENG,FW,16,1,0,1,0,0,0.0,0.0,0.0,0.0,0.0
Bernd Leno,Arsenal,GER,GK,28,35,35,3131,0,0,0.0,0.0,0.0,0.0,0.0
Bukayo Saka,Arsenal,ENG,"FW,DF",18,32,30,2553,5,3,0.15625,0.17626321974148063,0.09375,0.10575793184488837,0.282021151586369
Granit Xhaka,Arsenal,SUI,"MF,DF",27,31,29,2522,1,2,0.03225806451612903,0.035685963521015066,0.06451612903225806,0.07137192704203013,0.1070578905630452
Rob Holding,Arsenal,ENG,DF,24,30,28,2558,0,1,0.0,0.0,0.03333333333333333,0.035183737294761534,0.035183737294761534
Pierre-Emerick Aubameyang,Arsenal,GAB,FW,31,29,26,2332,10,3,0.3448275862068966,0.38593481989708406,0.10344827586206896,0.11578044596912522,0.5017152658662093
Kieran Tierney,Arsenal,SCO,DF,23,27,26,2299,1,3,0.037037037037037035,0.039147455415398,0.1111111111111111,0.117442366246194,0.156589821661592
Héctor Bellerín,Arsenal,ESP,DF,25,25,24,2089,1,2,0.04,0.0430828147438966,0.08,0.0861656294877932,0.1292484442316898
Gabriel Dos Santos,Arsenal,BRA,DF,22,23,22,1996,2,0,0.08695652173913043,0.09018036072144288,0.0,0.0,0.09018036072144288
Alexandre Lacazette,Arsenal,FRA,FW,29,31,22,1923,13,2,0.41935483870967744,0.608424336973479,0.06451612903225806,0.093603744149766,0.702028081123245
Thomas Partey,Arsenal,GHA,MF,27,24,18,1534,0,2,0.0,0.0,0.08333333333333333,0.11734028683181225,0.11734028683181225
Emile Smith-Rowe,Arsenal,ENG,"MF,FW",20,20,18,1440,2,4,0.1,0.125,0.2,0.25,0.375
Dani Ceballos,Arsenal,ESP,MF,23,25,17,1615,0,3,0.0,0.0,0.12,0.16718266253869968,0.16718266253869968
Mohamed Elneny,Arsenal,EGY,MF,28,23,17,1544,1,0,0.043478260869565216,0.05829015544041451,0.0,0.0,0.05829015544041451
David Luiz,Arsenal,BRA,DF,33,20,17,1396,1,0,0.05,0.06446991404011461,0.0,0.0,0.06446991404011461
Nicolas Pepe,Arsenal,CIV,FW,25,29,16,1616,10,1,0.3448275862068966,0.556930693069307,0.034482758620689655,0.055693069306930694,0.6126237623762376
Willian,Arsenal,BRA,"FW,MF",31,25,16,1406,1,5,0.04,0.06401137980085349,0.2,0.3200568990042674,0.38406827880512096
Pablo Mari,Arsenal,ESP,DF,26,10,10,900,0,0,0.0,0.0,0.0,0.0,0.0
Martin òdegaard,Arsenal,NOR,MF,21,14,9,866,1,2,0.07142857142857142,0.10392609699769052,0.14285714285714285,0.20785219399538105,0.3117782909930716
Calum Chambers,Arsenal,ENG,DF,25,10,8,753,0,2,0.0,0.0,0.2,0.2390438247011952,0.2390438247011952
Cedric Soares,Arsenal,POR,DF,28,10,8,746,0,1,0.0,0.0,0.1,0.12064343163538874,0.12064343163538874
Martinelli,Arsenal,BRA,FW,19,14,7,589,2,1,0.14285714285714285,0.30560271646859083,0.07142857142857142,0.15280135823429541,0.4584040747028863
Ainsley Maitland-Niles,Arsenal,ENG,DF,22,11,5,490,0,0,0.0,0.0,0.0,0.0,0.0
Eddie Nketiah,Arsenal,ENG,FW,21,17,4,423,2,1,0.11764705882352941,0.425531914893617,0.058823529411764705,0.2127659574468085,0.6382978723404256
Mathew Ryan,Arsenal,AUS,GK,28,3,3,270,0,0,0.0,0.0,0.0,0.0,0.0
Joe Willock,Arsenal,ENG,MF,20,7,2,238,0,0,0.0,0.0,0.0,0.0,0.0
Sead Kola≈°inac,Arsenal,BIH,DF,27,1,1,90,0,0,0.0,0.0,0.0,0.0,0.0
Reiss Nelson,Arsenal,ENG,FW,20,2,0,71,0,0,0.0,0.0,0.0,0.0,0.0
Shkodran Mustafi,Arsenal,GER,DF,28,3,0,47,0,0,0.0,0.0,0.0,0.0,0.0
Runar Alex Runarsson,Arsenal,ISL,GK,25,1,0,16,0,0,0.0,0.0,0.0,0.0,0.0
Stuart Dallas,Leeds United,NIR,"DF,MF",29,38,38,3409,8,2,0.21052631578947367,0.21120563215019067,0.05263157894736842,0.05280140803754767,0.26400704018773835
Luke Ayling,Leeds United,ENG,DF,28,38,38,3399,0,0,0.0,0.0,0.0,0.0,0.0
Patrick Bamford,Leeds United,ENG,FW,26,38,37,3050,17,7,0.4473684210526316,0.5016393442622952,0.18421052631578946,0.20655737704918034,0.7081967213114754
Illan Meslier,Leeds United,FRA,GK,20,35,35,3150,0,0,0.0,0.0,0.0,0.0,0.0
Jack Harrison,Leeds United,ENG,MF,23,36,34,2847,8,8,0.2222222222222222,0.2528977871443625,0.2222222222222222,0.2528977871443625,0.505795574288725
Ezgjan Alioski,Leeds United,MKD,DF,28,36,29,2461,2,3,0.05555555555555555,0.0731409995936611,0.08333333333333333,0.10971149939049167,0.1828524989841528
Kalvin Phillips,Leeds United,ENG,MF,24,29,28,2428,1,2,0.034482758620689655,0.03706754530477759,0.06896551724137931,0.07413509060955518,0.11120263591433277
Mateusz Klich,Leeds United,POL,MF,30,35,28,2393,4,5,0.11428571428571428,0.15043877977434184,0.14285714285714285,0.1880484747179273,0.33848725449226913
Raphael Dias Belloli,Leeds United,BRA,MF,23,30,26,2360,6,9,0.2,0.22881355932203387,0.3,0.3432203389830509,0.5720338983050848
Liam Cooper,Leeds United,SCO,DF,28,25,25,2185,1,0,0.04,0.041189931350114416,0.0,0.0,0.041189931350114416
Pascal Struijk,Leeds United,NED,"DF,MF",20,27,22,2075,1,0,0.037037037037037035,0.043373493975903614,0.0,0.0,0.043373493975903614
Tyler Roberts,Leeds United,WAL,"MF,FW",21,27,14,1340,1,2,0.037037037037037035,0.06716417910447761,0.07407407407407407,0.13432835820895522,0.20149253731343283
Rodrigo,Leeds United,ESP,"MF,FW",29,26,14,1288,7,2,0.2692307692307692,0.4891304347826087,0.07692307692307693,0.13975155279503104,0.6288819875776398
Diego Llorente,Leeds United,ESP,DF,26,15,14,1204,1,0,0.06666666666666667,0.07475083056478406,0.0,0.0,0.07475083056478406
Helder Costa,Leeds United,POR,"MF,FW",26,22,13,1156,3,3,0.13636363636363635,0.23356401384083045,0.13636363636363635,0.23356401384083045,0.4671280276816609
Robin Koch,Leeds United,GER,"DF,MF",24,17,13,1132,0,0,0.0,0.0,0.0,0.0,0.0
Jamie Shackleton,Leeds United,ENG,"MF,DF",20,13,3,461,0,0,0.0,0.0,0.0,0.0,0.0
Pablo Hernandez,Leeds United,ESP,MF,35,16,3,427,0,2,0.0,0.0,0.125,0.4215456674473068,0.4215456674473068
Kiko Casilla,Leeds United,ESP,GK,33,3,3,270,0,0,0.0,0.0,0.0,0.0,0.0
Gaetano Berardi,Leeds United,SUI,DF,31,2,1,113,0,0,0.0,0.0,0.0,0.0,0.0
Ian Carlo Poveda,Leeds United,ENG,"MF,DF",20,14,0,355,0,0,0.0,0.0,0.0,0.0,0.0
Niall Huggins,Leeds United,WAL,DF,19,1,0,38,0,0,0.0,0.0,0.0,0.0,0.0
Leif Davis,Leeds United,ENG,DF,20,2,0,33,0,0,0.0,0.0,0.0,0.0,0.0
Michael Keane,Everton,ENG,DF,27,35,33,2991,3,1,0.08571428571428572,0.09027081243731194,0.02857142857142857,0.03009027081243731,0.12036108324974924
Richarlison,Everton,BRA,FW,23,34,33,2861,7,3,0.20588235294117646,0.22020272631946872,0.08823529411764706,0.09437259699405803,0.3145753233135267
Dominic Calvert-Lewin,Everton,ENG,FW,23,33,32,2871,16,0,0.48484848484848486,0.5015673981191223,0.0,0.0,0.5015673981191223
Jordan Pickford,Everton,ENG,GK,26,31,31,2742,0,0,0.0,0.0,0.0,0.0,0.0
Lucas Digne,Everton,FRA,DF,27,30,30,2681,0,7,0.0,0.0,0.23333333333333334,0.2349869451697128,0.2349869451697128
Ben Godfrey,Everton,ENG,DF,22,31,29,2685,0,2,0.0,0.0,0.06451612903225806,0.0670391061452514,0.0670391061452514
Abdoulaye Doucouré,Everton,FRA,MF,27,29,29,2443,2,3,0.06896551724137931,0.07367990176013099,0.10344827586206896,0.11051985264019647,0.18419975440032746
Mason Holgate,Everton,ENG,DF,23,28,26,2287,1,0,0.03571428571428571,0.03935286401399213,0.0,0.0,0.03935286401399213
Gylfi Sigurðsson,Everton,ISL,MF,30,36,24,2253,6,5,0.16666666666666666,0.2396804260985353,0.1388888888888889,0.1997336884154461,0.4394141145139814
Allan,Everton,BRA,MF,29,24,23,2051,0,0,0.0,0.0,0.0,0.0,0.0
Yerry Mina,Everton,COL,DF,25,24,23,1937,2,0,0.08333333333333333,0.09292720702116676,0.0,0.0,0.09292720702116676
James Rodriguez,Everton,COL,"FW,MF",29,23,21,1764,6,4,0.2608695652173913,0.30612244897959184,0.17391304347826086,0.20408163265306123,0.5102040816326531
Seamus Coleman,Everton,IRL,"DF,MF",31,25,18,1613,0,3,0.0,0.0,0.12,0.16738995660260383,0.16738995660260383
André Gomes,Everton,POR,MF,27,28,17,1570,0,1,0.0,0.0,0.03571428571428571,0.057324840764331204,0.057324840764331204
Alex Iwobi,Everton,NGA,"FW,DF",24,30,17,1542,1,2,0.03333333333333333,0.058365758754863814,0.06666666666666667,0.11673151750972763,0.17509727626459143
Tom Davies,Everton,ENG,MF,22,25,17,1423,0,1,0.0,0.0,0.04,0.06324666198172874,0.06324666198172874
Robin Olsen,Everton,SWE,GK,30,7,7,630,0,0,0.0,0.0,0.0,0.0,0.0
Bernard,Everton,BRA,"MF,FW",27,12,3,455,1,0,0.08333333333333333,0.1978021978021978,0.0,0.0,0.1978021978021978
Fabian Delph,Everton,ENG,"MF,DF",30,8,2,266,0,0,0.0,0.0,0.0,0.0,0.0
Anthony Gordon,Everton,ENG,"FW,MF",19,3,1,88,0,0,0.0,0.0,0.0,0.0,0.0
Niels Nkounkou,Everton,FRA,"DF,FW",19,2,1,81,0,0,0.0,0.0,0.0,0.0,0.0
Jonjoe Kenny,Everton,ENG,DF,23,4,1,79,0,0,0.0,0.0,0.0,0.0,0.0
Joshua King,Everton,NOR,"MF,FW",28,11,0,148,0,0,0.0,0.0,0.0,0.0,0.0
Cenk Tosun,Everton,TUR,FW,29,5,0,48,0,0,0.0,0.0,0.0,0.0,0.0
Joao Virginia,Everton,POR,GK,20,1,0,48,0,0,0.0,0.0,0.0,0.0,0.0
Moise Kean,Everton,ITA,FW,20,2,0,15,0,0,0.0,0.0,0.0,0.0,0.0
Theo Walcott,Everton,ENG,FW,31,1,0,13,0,0,0.0,0.0,0.0,0.0,0.0
Jean-Philippe Gbamin,Everton,CIV,MF,24,1,0,12,0,0,0.0,0.0,0.0,0.0,0.0
Nathan Broadhead,Everton,WAL,MF,22,1,0,3,0,0,0.0,0.0,0.0,0.0,0.0
Emiliano Martinez,Aston Villa,ARG,GK,27,38,38,3420,0,0,0.0,0.0,0.0,0.0,0.0
Matt Targett,Aston Villa,ENG,DF,24,38,38,3404,0,2,0.0,0.0,0.05263157894736842,0.052878965922444184,0.052878965922444184
John McGinn,Aston Villa,SCO,MF,25,37,37,3330,3,5,0.08108108108108109,0.08108108108108109,0.13513513513513514,0.13513513513513514,0.2162162162162162
Ollie Watkins,Aston Villa,ENG,FW,24,37,37,3328,14,5,0.3783783783783784,0.3786057692307692,0.13513513513513514,0.13521634615384617,0.5138221153846153
Tyrone Mings,Aston Villa,ENG,DF,27,36,36,3194,2,2,0.05555555555555555,0.056355666875391355,0.05555555555555555,0.056355666875391355,0.11271133375078271
Ezri Konsa,Aston Villa,ENG,DF,22,36,35,3196,2,0,0.05555555555555555,0.056320400500625784,0.0,0.0,0.056320400500625784
Douglas Luiz,Aston Villa,BRA,MF,22,33,32,2781,0,2,0.0,0.0,0.06060606060606061,0.06472491909385113,0.06472491909385113
Bertrand Traore,Aston Villa,BFA,FW,24,36,29,2317,7,6,0.19444444444444445,0.2719033232628399,0.16666666666666666,0.23305999136814848,0.5049633146309883
Matty Cash,Aston Villa,ENG,DF,22,28,28,2372,0,2,0.0,0.0,0.07142857142857142,0.07588532883642496,0.07588532883642496
Jack Grealish,Aston Villa,ENG,"FW,MF",24,26,24,2185,6,10,0.23076923076923078,0.24713958810068648,0.38461538461538464,0.41189931350114417,0.6590389016018307
Ross Barkley,Aston Villa,ENG,MF,26,24,18,1531,3,1,0.125,0.17635532331809275,0.041666666666666664,0.05878510777269758,0.23514043109079033
Anwar El Ghazi,Aston Villa,NED,FW,25,28,17,1613,10,0,0.35714285714285715,0.5579665220086795,0.0,0.0,0.5579665220086795
Trézéguet,Aston Villa,EGY,FW,25,21,12,1166,2,1,0.09523809523809523,0.15437392795883362,0.047619047619047616,0.07718696397941681,0.23156089193825044
Marvelous Nakamba,Aston Villa,ZIM,MF,26,13,9,749,0,0,0.0,0.0,0.0,0.0,0.0
Ahmed Elmohamady,Aston Villa,EGY,DF,32,14,8,839,0,0,0.0,0.0,0.0,0.0,0.0
Kortney Hause,Aston Villa,ENG,DF,25,7,7,630,1,0,0.14285714285714285,0.14285714285714285,0.0,0.0,0.14285714285714285
Jacob Ramsey,Aston Villa,ENG,MF,19,22,6,626,0,0,0.0,0.0,0.0,0.0,0.0
Morgan Sanson,Aston Villa,FRA,MF,25,9,3,294,0,0,0.0,0.0,0.0,0.0,0.0
Conor Hourihane,Aston Villa,IRL,MF,29,4,3,225,1,1,0.25,0.4,0.25,0.4,0.8
Keinan Davis,Aston Villa,ENG,"FW,MF",22,15,1,277,1,1,0.06666666666666667,0.3249097472924188,0.06666666666666667,0.3249097472924188,0.6498194945848376
Carney Chukwuemeka,Aston Villa,ENG,"FW,MF",16,2,0,20,0,0,0.0,0.0,0.0,0.0,0.0
Wesley Moraes,Aston Villa,BRA,"MF,FW",23,3,0,18,0,0,0.0,0.0,0.0,0.0,0.0
Neil Taylor,Aston Villa,WAL,DF,31,1,0,16,0,0,0.0,0.0,0.0,0.0,0.0
Jaden Philogene Bidace,Aston Villa,ENG,FW,18,1,0,1,0,0,0.0,0.0,0.0,0.0,0.0
Jonjo Shelvey,Newcastle United,ENG,MF,28,30,29,2617,1,3,0.03333333333333333,0.03439052350019106,0.1,0.10317157050057317,0.13756209400076425
Miguel almiron ,Newcastle United,PAR,"MF,FW",26,34,28,2429,4,1,0.11764705882352941,0.14820913956360643,0.029411764705882353,0.03705228489090161,0.18526142445450802
Karl Darlow,Newcastle United,ENG,GK,29,25,25,2250,0,0,0.0,0.0,0.0,0.0,0.0
Federico Fernandez,Newcastle United,ARG,DF,31,24,24,2079,0,0,0.0,0.0,0.0,0.0,0.0
Callum Wilson,Newcastle United,ENG,FW,28,26,23,2084,12,5,0.46153846153846156,0.5182341650671786,0.19230769230769232,0.21593090211132435,0.7341650671785028
Joelinton,Newcastle United,BRA,"FW,MF",23,31,23,1983,4,2,0.12903225806451613,0.18154311649016644,0.06451612903225806,0.09077155824508322,0.2723146747352496
Isaac Hayden,Newcastle United,ENG,"MF,DF",25,24,22,1942,0,0,0.0,0.0,0.0,0.0,0.0
Ciaran Clark,Newcastle United,IRL,DF,30,22,21,1891,1,0,0.045454545454545456,0.047593865679534636,0.0,0.0,0.047593865679534636
Jamal Lewis,Newcastle United,NIR,DF,22,24,20,1837,0,1,0.0,0.0,0.041666666666666664,0.048992923244420256,0.048992923244420256
Jamaal Lascelles,Newcastle United,ENG,DF,26,19,19,1625,2,0,0.10526315789473684,0.11076923076923077,0.0,0.0,0.11076923076923077
Allan Saint-Maximin,Newcastle United,FRA,"FW,MF",23,25,19,1560,3,4,0.12,0.17307692307692307,0.16,0.23076923076923078,0.4038461538461538
Jacob Murphy,Newcastle United,ENG,"DF,MF",25,26,17,1626,2,3,0.07692307692307693,0.11070110701107011,0.11538461538461539,0.16605166051660517,0.2767527675276753
Jeff Hendrick,Newcastle United,IRL,MF,28,22,17,1422,2,1,0.09090909090909091,0.12658227848101267,0.045454545454545456,0.06329113924050633,0.18987341772151897
Sean Longstaff,Newcastle United,ENG,MF,22,22,15,1412,0,1,0.0,0.0,0.045454545454545456,0.06373937677053824,0.06373937677053824
Matt Ritchie,Newcastle United,SCO,"DF,MF",30,18,15,1350,0,2,0.0,0.0,0.1111111111111111,0.13333333333333333,0.13333333333333333
Emil Krafth,Newcastle United,SWE,DF,25,16,14,1288,1,0,0.0625,0.06987577639751552,0.0,0.0,0.06987577639751552
Paul Dummett,Newcastle United,WAL,DF,28,15,14,1255,1,0,0.06666666666666667,0.07171314741035857,0.0,0.0,0.07171314741035857
Fabian Schär,Newcastle United,SUI,DF,28,18,13,1246,1,0,0.05555555555555555,0.07223113964686999,0.0,0.0,0.07223113964686999
martin dubravka,Newcastle United,SVK,GK,31,13,13,1170,0,0,0.0,0.0,0.0,0.0,0.0
Joe Willock,Newcastle United,ENG,MF,20,14,11,978,8,0,0.5714285714285714,0.736196319018405,0.0,0.0,0.736196319018405
Javier Manquillo,Newcastle United,ESP,DF,26,13,10,825,0,0,0.0,0.0,0.0,0.0,0.0
Ryan Fraser,Newcastle United,SCO,"FW,MF",26,18,9,928,0,2,0.0,0.0,0.1111111111111111,0.1939655172413793,0.1939655172413793
DeAndre Yedlin,Newcastle United,USA,DF,27,6,5,436,0,0,0.0,0.0,0.0,0.0,0.0
Dwight Gayle,Newcastle United,ENG,"FW,MF",29,18,4,514,1,1,0.05555555555555555,0.17509727626459143,0.05555555555555555,0.17509727626459143,0.35019455252918286
Andy Carroll,Newcastle United,ENG,FW,31,18,4,392,1,0,0.05555555555555555,0.22959183673469385,0.0,0.0,0.22959183673469385
Matthew Longstaff,Newcastle United,ENG,MF,20,5,4,377,0,0,0.0,0.0,0.0,0.0,0.0
Elliot Anderson,Newcastle United,SCO,MF,17,1,0,4,0,0,0.0,0.0,0.0,0.0,0.0
Rui Patricio,Wolverhampton Wanderers,POR,GK,32,37,37,3329,0,0,0.0,0.0,0.0,0.0,0.0
Conor Coady,Wolverhampton Wanderers,ENG,DF,27,37,37,3303,1,0,0.02702702702702703,0.027247956403269755,0.0,0.0,0.027247956403269755
Nelson Semedo,Wolverhampton Wanderers,POR,DF,26,34,34,2983,1,1,0.029411764705882353,0.030170968823332218,0.029411764705882353,0.030170968823332218,0.060341937646664436
Ruben Neves,Wolverhampton Wanderers,POR,MF,23,36,31,2675,5,1,0.1388888888888889,0.16822429906542058,0.027777777777777776,0.03364485981308411,0.20186915887850468
Pedro Neto,Wolverhampton Wanderers,POR,"FW,MF",20,31,30,2550,5,6,0.16129032258064516,0.1764705882352941,0.1935483870967742,0.2117647058823529,0.388235294117647
Adama Traore,Wolverhampton Wanderers,ESP,FW,24,37,28,2649,2,2,0.05405405405405406,0.06795016987542468,0.05405405405405406,0.06795016987542468,0.13590033975084936
Joao Moutinho,Wolverhampton Wanderers,POR,MF,33,33,28,2528,1,1,0.030303030303030304,0.03560126582278481,0.030303030303030304,0.03560126582278481,0.07120253164556962
Leander Dendoncker,Wolverhampton Wanderers,BEL,"MF,DF",25,33,28,2503,1,0,0.030303030303030304,0.03595685177786656,0.0,0.0,0.03595685177786656
Romain SaIss,Wolverhampton Wanderers,MAR,DF,30,27,27,2407,3,0,0.1111111111111111,0.11217282924802659,0.0,0.0,0.11217282924802659
Daniel Podence,Wolverhampton Wanderers,POR,"MF,FW",24,24,22,1661,3,2,0.125,0.1625526791089705,0.08333333333333333,0.10836845273931367,0.27092113184828415
Willy Boly,Wolverhampton Wanderers,CIV,DF,29,21,21,1879,1,1,0.047619047619047616,0.04789781798829164,0.047619047619047616,0.04789781798829164,0.09579563597658328
Rayan Ait Nouri,Wolverhampton Wanderers,FRA,DF,19,21,16,1404,1,1,0.047619047619047616,0.06410256410256411,0.047619047619047616,0.06410256410256411,0.12820512820512822
Max Kilman,Wolverhampton Wanderers,ENG,DF,23,18,14,1310,0,1,0.0,0.0,0.05555555555555555,0.06870229007633588,0.06870229007633588
Willian Jose,Wolverhampton Wanderers,BRA,FW,28,17,12,1110,1,0,0.058823529411764705,0.08108108108108109,0.0,0.0,0.08108108108108109
fabio silva,Wolverhampton Wanderers,POR,FW,18,32,11,1369,4,3,0.125,0.26296566837107377,0.09375,0.19722425127830534,0.46018991964937916
Raúl Jiménez,Wolverhampton Wanderers,MEX,FW,29,10,10,823,4,0,0.4,0.43742405832320774,0.0,0.0,0.43742405832320774
Fernando Marcal,Wolverhampton Wanderers,BRA,DF,31,13,7,623,0,0,0.0,0.0,0.0,0.0,0.0
Jonny Castro,Wolverhampton Wanderers,ESP,DF,26,7,7,495,0,0,0.0,0.0,0.0,0.0,0.0
Ki-Jana Hoever,Wolverhampton Wanderers,NED,DF,18,12,5,577,0,0,0.0,0.0,0.0,0.0,0.0
Vitinha,Wolverhampton Wanderers,POR,MF,20,19,5,520,0,1,0.0,0.0,0.05263157894736842,0.17307692307692307,0.17307692307692307
Morgan Gibbs-White,Wolverhampton Wanderers,ENG,"FW,MF",20,11,4,414,1,0,0.09090909090909091,0.21739130434782608,0.0,0.0,0.21739130434782608
Owen Otasowie,Wolverhampton Wanderers,USA,"MF,FW",19,6,2,187,0,1,0.0,0.0,0.16666666666666666,0.48128342245989303,0.48128342245989303
Rúben Vinagre,Wolverhampton Wanderers,POR,DF,21,2,1,173,0,0,0.0,0.0,0.0,0.0,0.0
John Ruddy,Wolverhampton Wanderers,ENG,GK,33,2,1,91,0,0,0.0,0.0,0.0,0.0,0.0
Patrick Cutrone,Wolverhampton Wanderers,ITA,"FW,MF",22,2,0,25,0,0,0.0,0.0,0.0,0.0,0.0
Oskar Buur,Wolverhampton Wanderers,DEN,DF,22,1,0,22,0,0,0.0,0.0,0.0,0.0,0.0
Theo Corbeanu,Wolverhampton Wanderers,CAN,FW,18,1,0,9,0,0,0.0,0.0,0.0,0.0,0.0
Vicente Guaita,Crystal Palace,ESP,GK,33,37,37,3330,0,0,0.0,0.0,0.0,0.0,0.0
Cheikhou Kouyate,Crystal Palace,SEN,DF,30,36,35,3121,1,0,0.027777777777777776,0.028836911246395387,0.0,0.0,0.028836911246395387
Wilfried Zaha,Crystal Palace,CIV,FW,27,30,29,2612,11,2,0.36666666666666664,0.3790199081163859,0.06666666666666667,0.06891271056661562,0.4479326186830015
Eberechi Eze,Crystal Palace,ENG,MF,22,34,29,2559,4,6,0.11764705882352941,0.1406799531066823,0.17647058823529413,0.21101992966002342,0.3516998827667057
Luka Milivojeviƒá,Crystal Palace,SRB,MF,29,31,27,2359,1,1,0.03225806451612903,0.03815175922000848,0.03225806451612903,0.03815175922000848,0.07630351844001695
Andros Townsend,Crystal Palace,ENG,"MF,FW",29,34,25,2258,1,5,0.029411764705882353,0.03985828166519043,0.14705882352941177,0.19929140832595219,0.23914968999114258
Joel Ward,Crystal Palace,ENG,DF,30,26,25,2256,0,1,0.0,0.0,0.038461538461538464,0.0398936170212766,0.0398936170212766
Jordan Ayew,Crystal Palace,GHA,"FW,MF",28,33,23,2096,1,3,0.030303030303030304,0.04293893129770992,0.09090909090909091,0.12881679389312978,0.17175572519083968
Christian Benteke,Crystal Palace,BEL,FW,29,30,21,1816,10,1,0.3333333333333333,0.4955947136563877,0.03333333333333333,0.04955947136563877,0.5451541850220265
Gary Cahill,Crystal Palace,ENG,DF,34,20,20,1800,1,1,0.05,0.05,0.05,0.05,0.1
Patrick van Aanholt,Crystal Palace,NED,DF,29,22,20,1777,0,1,0.0,0.0,0.045454545454545456,0.050647158131682614,0.050647158131682614
jairo riedewald,Crystal Palace,NED,MF,23,33,19,1820,2,0,0.06060606060606061,0.0989010989010989,0.0,0.0,0.0989010989010989
Tyrick Mitchell,Crystal Palace,ENG,DF,20,19,19,1710,1,1,0.05263157894736842,0.052631578947368425,0.05263157894736842,0.052631578947368425,0.10526315789473685
James McArthur,Crystal Palace,SCO,MF,32,18,17,1466,0,2,0.0,0.0,0.1111111111111111,0.12278308321964529,0.12278308321964529
Jeffrey Schlupp,Crystal Palace,GHA,MF,27,27,15,1428,2,3,0.07407407407407407,0.12605042016806722,0.1111111111111111,0.18907563025210083,0.31512605042016806
Scott Dann,Crystal Palace,ENG,DF,33,15,15,1350,1,0,0.06666666666666667,0.06666666666666667,0.0,0.0,0.06666666666666667
Nathaniel Clyne,Crystal Palace,ENG,DF,29,13,13,1145,0,1,0.0,0.0,0.07692307692307693,0.07860262008733625,0.07860262008733625
James McCarthy,Crystal Palace,IRL,MF,29,16,10,821,0,0,0.0,0.0,0.0,0.0,0.0
Michy Batshuayi,Crystal Palace,BEL,FW,26,18,7,728,2,1,0.1111111111111111,0.24725274725274726,0.05555555555555555,0.12362637362637363,0.3708791208791209
James Tomkins,Crystal Palace,ENG,DF,31,8,6,553,0,0,0.0,0.0,0.0,0.0,0.0
Mamadou Sakho,Crystal Palace,FRA,DF,30,4,3,276,0,0,0.0,0.0,0.0,0.0,0.0
Jean-Philippe Mateta,Crystal Palace,FRA,FW,23,7,2,221,1,0,0.14285714285714285,0.40723981900452494,0.0,0.0,0.40723981900452494
Jack Butland,Crystal Palace,ENG,GK,27,1,1,90,0,0,0.0,0.0,0.0,0.0,0.0
Martin Kelly,Crystal Palace,ENG,DF,30,1,0,2,0,0,0.0,0.0,0.0,0.0,0.0
James Ward-Prowse,Southampton,ENG,MF,25,38,38,3420,8,7,0.21052631578947367,0.2105263157894737,0.18421052631578946,0.1842105263157895,0.39473684210526316
Jan Bednarek,Southampton,POL,DF,24,36,36,3100,1,1,0.027777777777777776,0.02903225806451613,0.027777777777777776,0.02903225806451613,0.05806451612903226
Stuart Armstrong,Southampton,SCO,MF,28,33,32,2764,4,5,0.12121212121212122,0.13024602026049203,0.15151515151515152,0.16280752532561504,0.2930535455861071
Alex McCarthy,Southampton,ENG,GK,30,30,30,2700,0,0,0.0,0.0,0.0,0.0,0.0
Che Adams,Southampton,SCO,FW,24,36,30,2667,9,5,0.25,0.30371203599550056,0.1388888888888889,0.1687289088863892,0.47244094488188976
Kyle Walker-Peters,Southampton,ENG,DF,23,30,30,2645,0,2,0.0,0.0,0.06666666666666667,0.06805293005671077,0.06805293005671077
Ryan Bertrand,Southampton,ENG,DF,30,29,29,2598,0,1,0.0,0.0,0.034482758620689655,0.03464203233256351,0.03464203233256351
Jannik Vestergaard,Southampton,DEN,DF,27,30,29,2574,3,0,0.1,0.1048951048951049,0.0,0.0,0.1048951048951049
Danny Ings,Southampton,ENG,FW,28,29,26,2173,12,4,0.41379310344827586,0.4970087436723424,0.13793103448275862,0.16566958122411413,0.6626783248964565
Oriol Romeu,Southampton,ESP,MF,28,21,20,1763,1,1,0.047619047619047616,0.05104934770277936,0.047619047619047616,0.05104934770277936,0.10209869540555871
Theo Walcott,Southampton,ENG,"MF,FW",31,21,20,1618,3,3,0.14285714285714285,0.16687268232385663,0.14285714285714285,0.16687268232385663,0.33374536464771326
Nathan Redmond,Southampton,ENG,"MF,FW",26,29,17,1738,2,3,0.06896551724137931,0.10356731875719218,0.10344827586206896,0.15535097813578824,0.25891829689298046
Jack Stephens,Southampton,ENG,DF,26,18,17,1537,0,0,0.0,0.0,0.0,0.0,0.0
Moussa Djenepo,Southampton,MLI,MF,22,27,15,1240,1,0,0.037037037037037035,0.07258064516129033,0.0,0.0,0.07258064516129033
Ibrahima Diallo,Southampton,FRA,MF,21,22,10,1020,0,0,0.0,0.0,0.0,0.0,0.0
Takumi Minamino,Southampton,JPN,"MF,FW",25,10,9,711,2,0,0.2,0.25316455696202533,0.0,0.0,0.25316455696202533
Mohammed Salisu,Southampton,GHA,DF,21,12,8,844,0,0,0.0,0.0,0.0,0.0,0.0
Fraser Forster,Southampton,ENG,GK,32,8,8,720,0,0,0.0,0.0,0.0,0.0,0.0
Nathan Tella,Southampton,ENG,"FW,MF",21,18,7,745,1,1,0.05555555555555555,0.12080536912751677,0.05555555555555555,0.12080536912751677,0.24161073825503354
William Smallbone,Southampton,IRL,MF,20,3,2,172,0,0,0.0,0.0,0.0,0.0,0.0
Shane Long,Southampton,IRL,"FW,MF",33,11,1,210,0,0,0.0,0.0,0.0,0.0,0.0
Yan Valery,Southampton,FRA,"DF,MF",21,3,1,103,0,0,0.0,0.0,0.0,0.0,0.0
Kayne Ramsey,Southampton,ENG,DF,19,1,1,90,0,0,0.0,0.0,0.0,0.0,0.0
Jake Vokins,Southampton,ENG,DF,20,1,1,66,0,0,0.0,0.0,0.0,0.0,0.0
Alexandre Jankewitz,Southampton,SUI,MF,18,2,1,3,0,0,0.0,0.0,0.0,0.0,0.0
Dan Nlundulu,Southampton,ENG,FW,21,13,0,111,0,0,0.0,0.0,0.0,0.0,0.0
Michael Obafemi,Southampton,IRL,FW,20,4,0,61,0,0,0.0,0.0,0.0,0.0,0.0
Caleb Watts,Southampton,AUS,"MF,FW",18,3,0,39,0,0,0.0,0.0,0.0,0.0,0.0
Allan Tchaptchet,Southampton,FRA,DF,18,1,0,13,0,0,0.0,0.0,0.0,0.0,0.0
Ben White,Brighton,ENG,"DF,MF",22,36,36,3191,0,0,0.0,0.0,0.0,0.0,0.0
Yves Bissouma,Brighton,MLI,MF,23,36,35,3111,1,0,0.027777777777777776,0.028929604628736737,0.0,0.0,0.028929604628736737
Lewis Dunk,Brighton,ENG,DF,28,33,33,2931,5,0,0.15151515151515152,0.1535312180143296,0.0,0.0,0.1535312180143296
Leandro Trossard,Brighton,BEL,"FW,MF",25,35,30,2607,5,5,0.14285714285714285,0.17261219792865362,0.14285714285714285,0.17261219792865362,0.34522439585730724
Adam Webster,Brighton,ENG,DF,25,29,29,2594,1,0,0.034482758620689655,0.03469545104086353,0.0,0.0,0.03469545104086353
Neal Maupay,Brighton,FRA,"FW,MF",23,33,29,2512,8,2,0.24242424242424243,0.28662420382165604,0.06060606060606061,0.07165605095541401,0.35828025477707004
Pascal Groü,Brighton,GER,"MF,DF",29,34,27,2484,3,8,0.08823529411764706,0.10869565217391304,0.23529411764705882,0.2898550724637681,0.39855072463768115
Robert Sanchez,Brighton,ESP,GK,22,27,27,2430,0,0,0.0,0.0,0.0,0.0,0.0
Joel Veltman,Brighton,NED,DF,28,28,25,2281,1,1,0.03571428571428571,0.0394563787812363,0.03571428571428571,0.0394563787812363,0.0789127575624726
Dan Burn,Brighton,ENG,DF,28,27,23,2061,1,0,0.037037037037037035,0.043668122270742356,0.0,0.0,0.043668122270742356
Solly March,Brighton,ENG,DF,26,21,19,1672,2,1,0.09523809523809523,0.10765550239234449,0.047619047619047616,0.053827751196172245,0.16148325358851676
Danny Welbeck,Brighton,ENG,FW,29,24,17,1545,6,1,0.25,0.34951456310679613,0.041666666666666664,0.05825242718446602,0.4077669902912621
Adam Lallana,Brighton,ENG,"MF,FW",32,30,16,1596,1,1,0.03333333333333333,0.05639097744360902,0.03333333333333333,0.05639097744360902,0.11278195488721804
Alexis Mac Allister,Brighton,ARG,"MF,FW",21,21,13,1115,1,1,0.047619047619047616,0.08071748878923767,0.047619047619047616,0.08071748878923767,0.16143497757847533
Mathew Ryan,Brighton,AUS,GK,28,11,11,990,0,0,0.0,0.0,0.0,0.0,0.0
Tariq Lamptey,Brighton,ENG,DF,19,11,11,886,1,1,0.09090909090909091,0.10158013544018057,0.09090909090909091,0.10158013544018057,0.20316027088036115
Steven Alzate,Brighton,COL,"MF,DF",21,15,10,896,1,0,0.06666666666666667,0.10044642857142856,0.0,0.0,0.10044642857142856
Aaron Connolly,Brighton,IRL,FW,20,17,9,791,2,1,0.11764705882352941,0.22756005056890014,0.058823529411764705,0.11378002528445007,0.3413400758533502
Jakub Moder,Brighton,POL,"DF,MF",21,12,7,647,0,0,0.0,0.0,0.0,0.0,0.0
Alireza Jahanbakhsh,Brighton,IRN,"FW,MF",26,21,6,528,0,1,0.0,0.0,0.047619047619047616,0.17045454545454547,0.17045454545454547
Davy Propper,Brighton,NED,MF,28,7,2,213,0,0,0.0,0.0,0.0,0.0,0.0
Bernardo,Brighton,BRA,"DF,MF",25,3,2,206,0,0,0.0,0.0,0.0,0.0,0.0
Percy Tau,Brighton,RSA,"FW,MF",26,3,1,103,0,1,0.0,0.0,0.3333333333333333,0.8737864077669902,0.8737864077669902
Andi Zeqiri,Brighton,SUI,"FW,DF",21,9,0,171,0,0,0.0,0.0,0.0,0.0,0.0
Jose Izquierdo,Brighton,COL,"DF,MF",28,1,0,9,0,0,0.0,0.0,0.0,0.0,0.0
Reda Khadra,Brighton,GER,FW,19,1,0,5,0,0,0.0,0.0,0.0,0.0,0.0
Jayson Molumby,Brighton,IRL,MF,20,1,0,1,0,0,0.0,0.0,0.0,0.0,0.0
Ashley Westwood,Burnley,ENG,MF,30,38,38,3410,3,3,0.07894736842105263,0.07917888563049853,0.07894736842105263,0.07917888563049853,0.15835777126099707
James Tarkowski,Burnley,ENG,DF,27,36,36,3240,1,0,0.027777777777777776,0.027777777777777776,0.0,0.0,0.027777777777777776
Dwight McNeil,Burnley,ENG,MF,20,36,34,3069,2,5,0.05555555555555555,0.05865102639296188,0.1388888888888889,0.1466275659824047,0.20527859237536658
Matthew Lowton,Burnley,ENG,DF,31,34,34,3060,1,1,0.029411764705882353,0.029411764705882353,0.029411764705882353,0.029411764705882353,0.058823529411764705
Nick Pope,Burnley,ENG,GK,28,32,32,2880,0,0,0.0,0.0,0.0,0.0,0.0
Josh Brownhill,Burnley,ENG,MF,24,33,32,2813,0,1,0.0,0.0,0.030303030303030304,0.03199431212228937,0.03199431212228937
Chris Wood,Burnley,NZL,FW,28,33,32,2741,12,3,0.36363636363636365,0.3940167821962787,0.09090909090909091,0.09850419554906968,0.49252097774534837
Ben Mee,Burnley,ENG,DF,30,30,30,2693,2,0,0.06666666666666667,0.0668399554400297,0.0,0.0,0.0668399554400297
Charlie Taylor,Burnley,ENG,DF,26,29,28,2426,0,1,0.0,0.0,0.034482758620689655,0.03709810387469085,0.03709810387469085
jóhann berg guðmundsson,Burnley,ISL,MF,29,22,16,1363,2,0,0.09090909090909091,0.13206162876008803,0.0,0.0,0.13206162876008803
Matƒõj Vydra,Burnley,CZE,FW,28,28,15,1371,3,2,0.10714285714285714,0.19693654266958424,0.07142857142857142,0.13129102844638948,0.3282275711159738
Jack Cork,Burnley,ENG,MF,31,16,15,1350,0,0,0.0,0.0,0.0,0.0,0.0
Ashley Barnes,Burnley,ENG,FW,30,22,15,1331,3,0,0.13636363636363635,0.20285499624342598,0.0,0.0,0.20285499624342598
Erik Pieters,Burnley,NED,"DF,MF",31,20,13,1266,0,1,0.0,0.0,0.05,0.07109004739336493,0.07109004739336493
Jay Rodriguez,Burnley,ENG,"FW,MF",31,31,12,1265,1,2,0.03225806451612903,0.07114624505928854,0.06451612903225806,0.1422924901185771,0.21343873517786563
Robbie Brady,Burnley,IRL,MF,28,19,12,1052,1,1,0.05263157894736842,0.08555133079847908,0.05263157894736842,0.08555133079847908,0.17110266159695817
Kevin Long,Burnley,IRL,DF,29,8,7,637,0,0,0.0,0.0,0.0,0.0,0.0
Bailey Peacock-Farrell,Burnley,NIR,GK,23,4,4,360,0,0,0.0,0.0,0.0,0.0,0.0
Phil Bardsley,Burnley,SCO,DF,35,4,3,274,0,0,0.0,0.0,0.0,0.0,0.0
Jimmy Dunne,Burnley,IRL,DF,22,3,3,270,1,0,0.3333333333333333,0.33333333333333337,0.0,0.0,0.33333333333333337
Dale Stephens,Burnley,ENG,MF,31,7,3,261,0,0,0.0,0.0,0.0,0.0,0.0
Josh Benson,Burnley,ENG,MF,20,6,2,264,0,0,0.0,0.0,0.0,0.0,0.0
Will Norris,Burnley,ENG,GK,26,2,2,180,0,0,0.0,0.0,0.0,0.0,0.0
Joel Mumbongo,Burnley,SWE,FW,21,4,0,40,0,0,0.0,0.0,0.0,0.0,0.0
Lewis Richardson,Burnley,ENG,"FW,MF",17,2,0,4,0,0,0.0,0.0,0.0,0.0,0.0
Alphonse Areola,Fulham,FRA,GK,27,36,36,3240,0,0,0.0,0.0,0.0,0.0,0.0
Tosin Adarabioyo,Fulham,ENG,DF,22,33,33,2953,0,0,0.0,0.0,0.0,0.0,0.0
Ademola Lookman,Fulham,ENG,"FW,MF",22,34,31,2747,4,4,0.11764705882352941,0.1310520567892246,0.11764705882352941,0.1310520567892246,0.2621041135784492
Ola Aina,Fulham,NGA,DF,23,31,31,2664,2,1,0.06451612903225806,0.06756756756756757,0.03225806451612903,0.033783783783783786,0.10135135135135136
Joachim Andersen,Fulham,DEN,DF,24,31,30,2730,1,1,0.03225806451612903,0.03296703296703297,0.03225806451612903,0.03296703296703297,0.06593406593406594
Andre-Frank Zambo Anguissa,Fulham,CMR,MF,24,36,29,2587,0,3,0.0,0.0,0.08333333333333333,0.10436799381523,0.10436799381523
Bobby Reid,Fulham,JAM,"MF,DF",27,33,28,2372,5,2,0.15151515151515152,0.1897133220910624,0.06060606060606061,0.07588532883642496,0.26559865092748736
Ivan Cavaleiro,Fulham,POR,"FW,MF",26,36,27,2472,3,0,0.08333333333333333,0.10922330097087378,0.0,0.0,0.10922330097087378
Harrison Reed,Fulham,ENG,MF,25,31,26,2247,0,2,0.0,0.0,0.06451612903225806,0.0801068090787717,0.0801068090787717
Antonee Robinson,Fulham,USA,DF,22,28,24,2162,0,0,0.0,0.0,0.0,0.0,0.0
Ruben Loftus-Cheek,Fulham,ENG,"MF,FW",24,30,21,1909,1,0,0.03333333333333333,0.04714510214772132,0.0,0.0,0.04714510214772132
Mario Lemina,Fulham,GAB,MF,26,28,19,1703,1,0,0.03571428571428571,0.05284791544333529,0.0,0.0,0.05284791544333529
Kenny Tete,Fulham,NED,DF,24,22,18,1481,0,1,0.0,0.0,0.045454545454545456,0.06076975016880486,0.06076975016880486
Aleksandar Mitroviƒá,Fulham,SRB,FW,25,27,13,1402,3,3,0.1111111111111111,0.19258202567760344,0.1111111111111111,0.19258202567760344,0.38516405135520687
Josh Maja,Fulham,NGA,"FW,MF",21,15,9,810,3,0,0.2,0.33333333333333337,0.0,0.0,0.33333333333333337
Tom Cairney,Fulham,SCO,MF,29,10,9,759,1,1,0.1,0.11857707509881424,0.1,0.11857707509881424,0.23715415019762848
Joe Bryan,Fulham,ENG,"DF,FW",26,16,7,669,1,0,0.0625,0.13452914798206278,0.0,0.0,0.13452914798206278
Tim Ream,Fulham,USA,DF,32,7,7,630,0,0,0.0,0.0,0.0,0.0,0.0
Josh Onomah,Fulham,ENG,MF,23,11,4,374,0,0,0.0,0.0,0.0,0.0,0.0
Denis Odoi,Fulham,BEL,DF,32,3,3,270,0,0,0.0,0.0,0.0,0.0,0.0
Michael Hector,Fulham,JAM,DF,28,4,3,263,0,0,0.0,0.0,0.0,0.0,0.0
Fabio Carvalho,Fulham,ENG,"MF,FW",17,4,3,255,1,0,0.25,0.3529411764705882,0.0,0.0,0.3529411764705882
Aboubakar Kamara,Fulham,MTN,"FW,DF",25,11,2,315,0,0,0.0,0.0,0.0,0.0,0.0
Marek Rodak,Fulham,SVK,GK,23,2,2,180,0,0,0.0,0.0,0.0,0.0,0.0
Maxime Le Marchand,Fulham,FRA,DF,30,2,1,123,0,0,0.0,0.0,0.0,0.0,0.0
Neeskens Kebano,Fulham,COD,"FW,MF",28,5,1,119,0,0,0.0,0.0,0.0,0.0,0.0
Terence Kongolo,Fulham,NED,DF,26,1,1,90,0,0,0.0,0.0,0.0,0.0,0.0
Tyrese Francois,Fulham,AUS,DF,20,1,0,15,0,0,0.0,0.0,0.0,0.0,0.0
Sam Johnstone,West Bromwich Albion,ENG,GK,27,37,37,3330,0,1,0.0,0.0,0.02702702702702703,0.027027027027027025,0.027027027027027025
Darnell Furlong,West Bromwich Albion,ENG,DF,24,35,32,2932,1,3,0.02857142857142857,0.030695770804911322,0.08571428571428572,0.09208731241473396,0.12278308321964529
Semi Ajayi,West Bromwich Albion,NGA,DF,26,33,31,2780,2,0,0.06060606060606061,0.06474820143884892,0.0,0.0,0.06474820143884892
Matheus Pereira,West Bromwich Albion,BRA,"MF,FW",24,33,30,2577,11,6,0.3333333333333333,0.3841676367869616,0.18181818181818182,0.20954598370197905,0.5937136204889406
Kyle Bartley,West Bromwich Albion,ENG,DF,29,30,28,2584,3,1,0.1,0.1044891640866873,0.03333333333333333,0.0348297213622291,0.1393188854489164
Conor Gallagher,West Bromwich Albion,ENG,MF,20,30,28,2531,2,2,0.06666666666666667,0.07111813512445674,0.06666666666666667,0.07111813512445674,0.14223627024891347
Conor Townsend,West Bromwich Albion,ENG,DF,27,25,25,2234,0,2,0.0,0.0,0.08,0.08057296329453895,0.08057296329453895
Dara O'Shea,West Bromwich Albion,IRL,DF,21,28,25,2102,0,0,0.0,0.0,0.0,0.0,0.0
Matt Phillips,West Bromwich Albion,SCO,MF,29,33,20,1828,2,1,0.06060606060606061,0.09846827133479212,0.030303030303030304,0.04923413566739606,0.14770240700218817
Callum Robinson,West Bromwich Albion,IRL,"FW,MF",25,28,20,1560,5,0,0.17857142857142858,0.28846153846153844,0.0,0.0,0.28846153846153844
Romaine Sawyers,West Bromwich Albion,SKN,MF,28,19,17,1487,0,0,0.0,0.0,0.0,0.0,0.0
Okay Yoku≈ülu,West Bromwich Albion,TUR,MF,26,16,15,1317,0,1,0.0,0.0,0.0625,0.0683371298405467,0.0683371298405467
Jake Livermore,West Bromwich Albion,ENG,MF,30,18,15,1242,0,0,0.0,0.0,0.0,0.0,0.0
Grady Diangana,West Bromwich Albion,ENG,"MF,FW",22,20,15,1235,1,0,0.05,0.0728744939271255,0.0,0.0,0.0728744939271255
Ainsley Maitland-Niles,West Bromwich Albion,ENG,MF,22,15,14,1230,0,0,0.0,0.0,0.0,0.0,0.0
Mbaye Diagne,West Bromwich Albion,SEN,FW,28,16,14,1189,3,2,0.1875,0.2270815811606392,0.125,0.15138772077375945,0.37846930193439865
Karlan Grant,West Bromwich Albion,ENG,"FW,MF",22,21,14,1127,1,0,0.047619047619047616,0.07985803016858918,0.0,0.0,0.07985803016858918
Kieran Gibbs,West Bromwich Albion,ENG,DF,30,10,9,809,0,0,0.0,0.0,0.0,0.0,0.0
Branislav Ivanoviƒá,West Bromwich Albion,SRB,DF,36,13,8,767,0,0,0.0,0.0,0.0,0.0,0.0
Robert Snodgrass,West Bromwich Albion,SCO,"MF,FW",32,8,6,526,0,0,0.0,0.0,0.0,0.0,0.0
Filip Krovinoviƒá,West Bromwich Albion,CRO,MF,24,11,5,546,0,0,0.0,0.0,0.0,0.0,0.0
Lee Peltier,West Bromwich Albion,ENG,DF,33,4,3,229,0,0,0.0,0.0,0.0,0.0,0.0
Hal Robson-Kanu,West Bromwich Albion,WAL,FW,31,19,2,561,2,0,0.10526315789473684,0.32085561497326204,0.0,0.0,0.32085561497326204
Kamil Grosicki,West Bromwich Albion,POL,"FW,MF",32,3,2,148,0,1,0.0,0.0,0.3333333333333333,0.6081081081081081,0.6081081081081081
Kyle Edwards,West Bromwich Albion,ENG,"MF,FW",22,5,1,118,0,0,0.0,0.0,0.0,0.0,0.0
David Button,West Bromwich Albion,ENG,GK,31,1,1,90,0,0,0.0,0.0,0.0,0.0,0.0
Ahmed Hegazi,West Bromwich Albion,EGY,DF,29,1,1,90,0,0,0.0,0.0,0.0,0.0,0.0
Charlie Austin,West Bromwich Albion,ENG,FW,31,5,0,138,0,0,0.0,0.0,0.0,0.0,0.0
Sam Field,West Bromwich Albion,ENG,MF,22,3,0,62,0,0,0.0,0.0,0.0,0.0,0.0
Rekeem Harper,West Bromwich Albion,ENG,MF,20,2,0,32,0,0,0.0,0.0,0.0,0.0,0.0
Aaron Ramsdale,Sheffield United,ENG,GK,22,38,38,3420,0,0,0.0,0.0,0.0,0.0,0.0
George Baldock,Sheffield United,ENG,DF,27,32,32,2787,0,2,0.0,0.0,0.0625,0.06458557588805167,0.06458557588805167
Chris Basham,Sheffield United,ENG,"DF,MF",32,31,31,2576,0,1,0.0,0.0,0.03225806451612903,0.03493788819875776,0.03493788819875776
Enda Stevens,Sheffield United,IRL,DF,30,30,30,2700,0,1,0.0,0.0,0.03333333333333333,0.03333333333333333,0.03333333333333333
John Egan,Sheffield United,IRL,DF,27,31,30,2629,0,1,0.0,0.0,0.03225806451612903,0.034233548877900345,0.034233548877900345
John Fleck,Sheffield United,SCO,MF,28,31,29,2575,0,2,0.0,0.0,0.06451612903225806,0.06990291262135923,0.06990291262135923
David McGoldrick,Sheffield United,IRL,"FW,MF",32,35,28,2397,8,1,0.22857142857142856,0.3003754693366708,0.02857142857142857,0.03754693366708385,0.3379224030037547
Oliver Norwood,Sheffield United,NIR,MF,29,32,26,2220,0,0,0.0,0.0,0.0,0.0,0.0
Ethan Ampadu,Sheffield United,WAL,"DF,MF",19,25,23,2089,0,0,0.0,0.0,0.0,0.0,0.0
John Lundstram,Sheffield United,ENG,MF,26,28,23,2032,0,2,0.0,0.0,0.07142857142857142,0.08858267716535433,0.08858267716535433
Ben Osborn,Sheffield United,ENG,"MF,DF",25,24,17,1604,1,0,0.041666666666666664,0.05610972568578553,0.0,0.0,0.05610972568578553
Oliver Burke,Sheffield United,SCO,FW,23,25,14,1269,1,1,0.04,0.07092198581560284,0.04,0.07092198581560284,0.14184397163120568
Sander Berge,Sheffield United,NOR,MF,22,15,13,1120,1,1,0.06666666666666667,0.08035714285714285,0.06666666666666667,0.08035714285714285,0.1607142857142857
Oliver McBurnie,Sheffield United,SCO,FW,24,23,12,1324,1,0,0.043478260869565216,0.06797583081570997,0.0,0.0,0.06797583081570997
Rhian Brewster,Sheffield United,ENG,FW,20,27,12,1128,0,0,0.0,0.0,0.0,0.0,0.0
Jayden Bogle,Sheffield United,ENG,DF,20,16,12,1110,2,0,0.125,0.16216216216216217,0.0,0.0,0.16216216216216217
Kean Bryan,Sheffield United,ENG,DF,23,13,12,1004,1,0,0.07692307692307693,0.08964143426294821,0.0,0.0,0.08964143426294821
Jack Robinson,Sheffield United,ENG,DF,26,11,9,877,0,1,0.0,0.0,0.09090909090909091,0.10262257696693272,0.10262257696693272
Billy Sharp,Sheffield United,ENG,FW,34,16,7,735,3,0,0.1875,0.3673469387755102,0.0,0.0,0.3673469387755102
Max Lowe,Sheffield United,ENG,DF,23,8,7,550,0,0,0.0,0.0,0.0,0.0,0.0
Phil Jagielka,Sheffield United,ENG,DF,37,10,6,526,0,0,0.0,0.0,0.0,0.0,0.0
Daniel Jebbison,Sheffield United,ENG,FW,17,4,3,284,1,0,0.25,0.31690140845070425,0.0,0.0,0.31690140845070425
Lys Mousset,Sheffield United,FRA,"FW,MF",24,11,2,296,0,0,0.0,0.0,0.0,0.0,0.0
Jack O'Connell,Sheffield United,ENG,DF,26,2,2,180,0,0,0.0,0.0,0.0,0.0,0.0
Iliman Ndiaye,Sheffield United,FRA,MF,21,1,0,12,0,0,0.0,0.0,0.0,0.0,0.0
Antwoine Hackford,Sheffield United,ENG,"DF,FW",16,1,0,11,0,0,0.0,0.0,0.0,0.0,0.0
Femi Seriki,Sheffield United,ENG,DF,17,1,0,1,0,0,0.0,0.0,0.0,0.0,0.0
